IUCR,PrimaryType,Description,IndexOffenseSort,IndexOffense,OffenseDescription,OffenseDescriptionSort,OffenseType,OffenseTypeSort
110,HOMICIDE,FIRST DEGREE MURDER,1,Violent Index Offense,Murder - 1st Degree,1,Person offense,1
130,HOMICIDE,SECOND DEGREE MURDER,1,Violent Index Offense,Murder - 2nd Degree,2,Person offense,1
141,HOMICIDE,INVOLUNTARY MANSLAUGHTER,0,Non-Index Offense,Manslaugher/Reckless Homicide,3,Person offense,1
142,HOMICIDE,RECKLESS HOMICIDE,0,Non-Index Offense,Manslaugher/Reckless Homicide,3,Person offense,1
261,CRIM SEXUAL ASSAULT,AGGRAVATED: HANDGUN,1,Violent Index Offense,Criminal Sexual Assault,4,Person offense,1
261,CRIMINAL SEXUAL ASSAULT,AGGRAVATED - HANDGUN,1,Violent Index Offense,Criminal Sexual Assault,4,Person offense,1
262,CRIM SEXUAL ASSAULT,AGGRAVATED: OTHER FIREARM,1,Violent Index Offense,Criminal Sexual Assault,4,Person offense,1
262,CRIMINAL SEXUAL ASSAULT,AGGRAVATED - OTHER FIREARM,1,Violent Index Offense,Criminal Sexual Assault,4,Person offense,1
263,CRIM SEXUAL ASSAULT,AGGRAVATED: KNIFE/CUT INSTR,1,Violent Index Offense,Criminal Sexual Assault,4,Person offense,1
263,CRIMINAL SEXUAL ASSAULT,AGGRAVATED - KNIFE / CUTTING INSTRUMENT,1,Violent Index Offense,Criminal Sexual Assault,4,Person offense,1
263,CRIMINAL SEXUAL ASSAULT,AGGRAVATED: KNIFE / CUTTING INSTRUMENT,1,Violent Index Offense,Criminal Sexual Assault,4,Person offense,1
264,CRIM SEXUAL ASSAULT,AGGRAVATED: OTHER DANG WEAPON,1,Violent Index Offense,Criminal Sexual Assault,4,Person offense,1
264,CRIMINAL SEXUAL ASSAULT,AGGRAVATED - OTHER DANGEROUS WEAPON,1,Violent Index Offense,Criminal Sexual Assault,4,Person offense,1
265,CRIM SEXUAL ASSAULT,AGGRAVATED: OTHER,1,Violent Index Offense,Criminal Sexual Assault,4,Person offense,1
265,CRIMINAL SEXUAL ASSAULT,AGGRAVATED - OTHER,1,Violent Index Offense,Criminal Sexual Assault,4,Person offense,1
266,CRIM SEXUAL ASSAULT,PREDATORY,1,Violent Index Offense,Criminal Sexual Assault,4,Person offense,1
266,CRIMINAL SEXUAL ASSAULT,PREDATORY,1,Violent Index Offense,Criminal Sexual Assault,4,Person offense,1
271,CRIM SEXUAL ASSAULT,ATTEMPT AGG: HANDGUN,1,Violent Index Offense,Criminal Sexual Assault,4,Person offense,1
271,CRIMINAL SEXUAL ASSAULT,ATTEMPT AGGRAVATED - HANDGUN,1,Violent Index Offense,Criminal Sexual Assault,4,Person offense,1
272,CRIMINAL SEXUAL ASSAULT,ATTEMPT AGGRAVATED - OTHER FIREARM,1,Violent Index Offense,Criminal Sexual Assault,4,Person offense,1
273,CRIM SEXUAL ASSAULT,ATTEMPT AGG: KNIFE/CUT INSTR,1,Violent Index Offense,Criminal Sexual Assault,4,Person offense,1
273,CRIMINAL SEXUAL ASSAULT,ATTEMPT AGGRAVATED - KNIFE / CUTTING INSTRUMENT,1,Violent Index Offense,Criminal Sexual Assault,4,Person offense,1
274,CRIM SEXUAL ASSAULT,ATTEMPT AGG: OTHER DANG WEAPON,1,Violent Index Offense,Criminal Sexual Assault,4,Person offense,1
274,CRIMINAL SEXUAL ASSAULT,ATTEMPT AGGRAVATED - OTHER DANGEROUS WEAPON,1,Violent Index Offense,Criminal Sexual Assault,4,Person offense,1
275,CRIM SEXUAL ASSAULT,ATTEMPT AGG: OTHER,1,Violent Index Offense,Criminal Sexual Assault,4,Person offense,1
275,CRIMINAL SEXUAL ASSAULT,ATTEMPT AGGRAVATED - OTHER,1,Violent Index Offense,Criminal Sexual Assault,4,Person offense,1
281,CRIM SEXUAL ASSAULT,NON-AGGRAVATED,1,Violent Index Offense,Criminal Sexual Assault,4,Person offense,1
281,CRIMINAL SEXUAL ASSAULT,NON-AGGRAVATED,1,Violent Index Offense,Criminal Sexual Assault,4,Person offense,1
291,CRIM SEXUAL ASSAULT,ATTEMPT NON-AGGRAVATED,1,Violent Index Offense,Criminal Sexual Assault,4,Person offense,1
291,CRIMINAL SEXUAL ASSAULT,ATTEMPT NON-AGGRAVATED,1,Violent Index Offense,Criminal Sexual Assault,4,Person offense,1
312,ROBBERY,ARMED - KNIFE / CUTTING INSTRUMENT,1,Violent Index Offense,Armed Robbery,17,Person offense,1
312,ROBBERY,ARMED ROBBERY,1,Violent Index Offense,Armed Robbery,17,Person offense,1
312,ROBBERY,ARMED:KNIFE/CUTTING INSTRUMENT,1,Violent Index Offense,Armed Robbery,17,Person offense,1
313,ROBBERY,ARMED - OTHER DANGEROUS WEAPON,1,Violent Index Offense,Armed Robbery,17,Person offense,1
313,ROBBERY,ARMED: OTHER DANGEROUS WEAPON,1,Violent Index Offense,Armed Robbery,17,Person offense,1
031A,ROBBERY,ARMED - HANDGUN,1,Violent Index Offense,Armed Robbery,17,Person offense,1
031A,ROBBERY,ARMED: HANDGUN,1,Violent Index Offense,Armed Robbery,17,Person offense,1
031B,ROBBERY,ARMED - OTHER FIREARM,1,Violent Index Offense,Armed Robbery,17,Person offense,1
031B,ROBBERY,ARMED: OTHER FIREARM,1,Violent Index Offense,Armed Robbery,17,Person offense,1
320,ROBBERY,STRONG ARM - NO WEAPON,1,Violent Index Offense,Robbery,18,Person offense,1
320,ROBBERY,STRONGARM - NO WEAPON,1,Violent Index Offense,Robbery,18,Person offense,1
320,ROBBERY,STRONGARM: NO WEAPON,1,Violent Index Offense,Robbery,18,Person offense,1
325,ROBBERY,VEHICULAR HIJACKING,1,Violent Index Offense,Vehicular Hijacking,19,Person offense,1
326,ROBBERY,AGGRAVATED VEHICULAR HIJACKING,1,Violent Index Offense,Vehicular Hijacking,19,Person offense,1
330,ROBBERY,AGGRAVATED,1,Violent Index Offense,Robbery,18,Person offense,1
331,ROBBERY,ATTEMPT AGGRAVATED,1,Violent Index Offense,Robbery,18,Person offense,1
331,ROBBERY,ATTEMPT: AGGRAVATED,1,Violent Index Offense,Robbery,18,Person offense,1
334,ROBBERY,ATTEMPT ARMED - KNIFE / CUTTING INSTRUMENT,1,Violent Index Offense,Armed Robbery,17,Person offense,1
334,ROBBERY,ATTEMPT: ARMED-KNIFE/CUT INSTR,1,Violent Index Offense,Armed Robbery,17,Person offense,1
337,ROBBERY,ATTEMPT ARMED - OTHER DANGEROUS WEAPON,1,Violent Index Offense,Armed Robbery,17,Person offense,1
337,ROBBERY,ATTEMPT: ARMED-OTHER DANG WEAP,1,Violent Index Offense,Armed Robbery,17,Person offense,1
033A,ROBBERY,ATTEMPT ARMED - HANDGUN,1,Violent Index Offense,Armed Robbery,17,Person offense,1
033A,ROBBERY,ATTEMPT ARMED: HANDGUN,1,Violent Index Offense,Armed Robbery,17,Person offense,1
033A,ROBBERY,ATTEMPT: ARMED-HANDGUN,1,Violent Index Offense,Armed Robbery,17,Person offense,1
033B,ROBBERY,ATTEMPT ARMED - OTHER FIREARM,1,Violent Index Offense,Armed Robbery,17,Person offense,1
033B,ROBBERY,ATTEMPT: ARMED-OTHER FIREARM,1,Violent Index Offense,Armed Robbery,17,Person offense,1
340,ROBBERY,ATTEMPT STRONG ARM - NO WEAPON,1,Violent Index Offense,Robbery,18,Person offense,1
340,ROBBERY,ATTEMPT STRONG ARM: NO WEAPON,1,Violent Index Offense,Robbery,18,Person offense,1
340,ROBBERY,ATTEMPT: STRONGARM-NO WEAPON,1,Violent Index Offense,Robbery,18,Person offense,1
041A,BATTERY,AGGRAVATED - HANDGUN,1,Violent Index Offense,Aggravated Battery with a Firearm,6,Person offense,1
041A,BATTERY,AGGRAVATED: HANDGUN,1,Violent Index Offense,Aggravated Battery with a Firearm,6,Person offense,1
041B,BATTERY,AGGRAVATED - OTHER FIREARM,1,Violent Index Offense,Aggravated Battery with a Firearm,6,Person offense,1
041B,BATTERY,AGGRAVATED: OTHER FIREARM,1,Violent Index Offense,Aggravated Battery with a Firearm,6,Person offense,1
420,BATTERY,AGGRAVATED - KNIFE / CUTTING INSTRUMENT,1,Violent Index Offense,Aggravated Battery,7,Person offense,1
420,BATTERY,AGGRAVATED: KNIFE / CUTTING INSTRUMENT,1,Violent Index Offense,Aggravated Battery,7,Person offense,1
420,BATTERY,AGGRAVATED:KNIFE/CUTTING INSTR,1,Violent Index Offense,Aggravated Battery,7,Person offense,1
430,BATTERY,AGGRAVATED - OTHER DANGEROUS WEAPON,1,Violent Index Offense,Aggravated Battery,7,Person offense,1
430,BATTERY,AGGRAVATED: OTHER DANG WEAPON,1,Violent Index Offense,Aggravated Battery,7,Person offense,1
430,BATTERY,AGGRAVATED: OTHER DANGEROUS WEAPON,1,Violent Index Offense,Aggravated Battery,7,Person offense,1
440,BATTERY,"""AGGRAVATED - HANDS, FISTS, FEET, NO / MINOR INJURY""",0,Non-Index Offense,Aggravated Battery,7,Person offense,1
440,BATTERY,AGG: HANDS/FIST/FEET NO/MINOR INJURY,0,Non-Index Offense,Aggravated Battery,7,Person offense,1
440,BATTERY,"AGGRAVATED - HANDS, FISTS, FEET, NO / MINOR INJURY",0,Non-Index Offense,Aggravated Battery,7,Person offense,1
440,BATTERY,AGGRAVATED: HANDS / FIST / FEET NO / MINOR INJURY,0,Non-Index Offense,Aggravated Battery,7,Person offense,1
450,BATTERY,AGGRAVATED PO: HANDGUN,1,Violent Index Offense,Aggravated Battery with a Firearm,6,Person offense,1
450,BATTERY,AGGRAVATED POLICE OFFICER - HANDGUN,1,Violent Index Offense,Aggravated Battery with a Firearm,6,Person offense,1
451,BATTERY,AGGRAVATED POLICE OFFICER - OTHER FIREARM,1,Violent Index Offense,Aggravated Battery with a Firearm,6,Person offense,1
452,BATTERY,AGGRAVATED PO: KNIFE/CUT INSTR,1,Violent Index Offense,Aggravated Battery,7,Person offense,1
452,BATTERY,AGGRAVATED POLICE OFFICER - KNIFE / CUTTING INSTRUMENT,1,Violent Index Offense,Aggravated Battery,7,Person offense,1
453,BATTERY,AGGRAVATED PO: OTHER DANG WEAP,1,Violent Index Offense,Aggravated Battery,7,Person offense,1
453,BATTERY,AGGRAVATED PO: OTHER DANGEROUS WEAPON,1,Violent Index Offense,Aggravated Battery,7,Person offense,1
453,BATTERY,AGGRAVATED POLICE OFFICER - OTHER DANGEROUS WEAPON,1,Violent Index Offense,Aggravated Battery,7,Person offense,1
454,BATTERY,"""AGGRAVATED P.O. - HANDS, FISTS, FEET, NO / MINOR INJURY""",0,Non-Index Offense,Aggravated Battery,7,Person offense,1
454,BATTERY,AGG PO HANDS NO/MIN INJURY,0,Non-Index Offense,Aggravated Battery,7,Person offense,1
454,BATTERY,"AGGRAVATED P.O. - HANDS, FISTS, FEET, NO / MINOR INJURY",0,Non-Index Offense,Aggravated Battery,7,Person offense,1
460,BATTERY,SIMPLE,0,Non-Index Offense,Battery,8,Person offense,1
461,BATTERY,"""AGGRAVATED P.O. - HANDS, FISTS, FEET, SERIOUS INJURY""",1,Violent Index Offense,Aggravated Battery,7,Person offense,1
461,BATTERY,AGG PO HANDS ETC SERIOUS INJ,1,Violent Index Offense,Aggravated Battery,7,Person offense,1
461,BATTERY,"AGGRAVATED P.O. - HANDS, FISTS, FEET, SERIOUS INJURY",1,Violent Index Offense,Aggravated Battery,7,Person offense,1
462,BATTERY,"""AGG. PROTECTED EMPLOYEE - HANDS, FISTS, FEET, SERIOUS INJURY""",1,Violent Index Offense,Aggravated Battery,7,Person offense,1
462,BATTERY,AGG PRO EMP HANDS SERIOUS INJ,1,Violent Index Offense,Aggravated Battery,7,Person offense,1
462,BATTERY,"AGG. PROTECTED EMPLOYEE - HANDS, FISTS, FEET, SERIOUS INJURY",1,Violent Index Offense,Aggravated Battery,7,Person offense,1
470,PUBLIC PEACE VIOLATION,RECKLESS CONDUCT,0,Non-Index Offense,Reckless Conduct,13,Person offense,1
475,BATTERY,OF AN UNBORN CHILD,0,Non-Index Offense,Battery,8,Person offense,1
475,BATTERY,OF UNBORN CHILD,0,Non-Index Offense,Battery,8,Person offense,1
479,BATTERY,"""AGGRAVATED - HANDS, FISTS, FEET, SERIOUS INJURY""",1,Violent Index Offense,Aggravated Battery,7,Person offense,1
479,BATTERY,AGG: HANDS/FIST/FEET SERIOUS INJURY,1,Violent Index Offense,Aggravated Battery,7,Person offense,1
479,BATTERY,"AGGRAVATED - HANDS, FISTS, FEET, SERIOUS INJURY",1,Violent Index Offense,Aggravated Battery,7,Person offense,1
479,BATTERY,AGGRAVATED: HANDS / FIST / FEET SERIOUS INJURY,1,Violent Index Offense,Aggravated Battery,7,Person offense,1
480,BATTERY,AGGRAVATED PROTECTED EMPLOYEE - HANDGUN,1,Violent Index Offense,Aggravated Battery,7,Person offense,1
481,BATTERY,AGGRAVATED PROTECTED EMPLOYEE - OTHER FIREARM,1,Violent Index Offense,Aggravated Battery,7,Person offense,1
482,BATTERY,AGG PRO.EMP:KNIFE/CUTTING INST,1,Violent Index Offense,Aggravated Battery,7,Person offense,1
482,BATTERY,AGGRAVATED PROTECTED EMPLOYEE - KNIFE / CUTTING INSTRUMENT,1,Violent Index Offense,Aggravated Battery,7,Person offense,1
483,BATTERY,AGG PRO.EMP: OTHER DANG WEAPON,1,Violent Index Offense,Aggravated Battery,7,Person offense,1
483,BATTERY,AGGRAVATED PROTECTED EMPLOYEE - OTHER DANGEROUS WEAPON,1,Violent Index Offense,Aggravated Battery,7,Person offense,1
484,BATTERY,"""PROTECTED EMPLOYEE - HANDS, FISTS, FEET, NO / MINOR INJURY""",0,Non-Index Offense,Battery,8,Person offense,1
484,BATTERY,PRO EMP HANDS NO/MIN INJURY,0,Non-Index Offense,Battery,8,Person offense,1
484,BATTERY,"PROTECTED EMPLOYEE - HANDS, FISTS, FEET, NO / MINOR INJURY",0,Non-Index Offense,Battery,8,Person offense,1
484,BATTERY,PROTECTED EMPLOYEE: HANDS NO / MIN INJURY,0,Non-Index Offense,Battery,8,Person offense,1
485,BATTERY,AGGRAVATED OF A CHILD,1,Violent Index Offense,Aggravated Battery,7,Person offense,1
486,BATTERY,DOMESTIC BATTERY SIMPLE,0,Non-Index Offense,Domestic Battery,10,Person offense,1
487,BATTERY,AGGRAVATED OF A UNBORN CHILD,1,Violent Index Offense,Aggravated Battery,7,Person offense,1
487,BATTERY,AGGRAVATED OF AN UNBORN CHILD,1,Violent Index Offense,Aggravated Battery,7,Person offense,1
488,BATTERY,AGGRAVATED DOMESTIC BATTERY - HANDGUN,1,Violent Index Offense,Aggravated Domestic Battery,9,Person offense,1
488,BATTERY,AGGRAVATED DOMESTIC BATTERY: HANDGUN,1,Violent Index Offense,Aggravated Domestic Battery,9,Person offense,1
489,BATTERY,AGGRAVATED DOMESTIC BATTERY - OTHER FIREARM,1,Violent Index Offense,Aggravated Domestic Battery,9,Person offense,1
490,RITUALISM,AGGRAVATED RITUAL MUTILATION - HANDGUN,1,Violent Index Offense,Aggravated Battery,7,Person offense,1
491,RITUALISM,AGGRAVATED RITUAL MUTILATION - OTHER FIREARM,1,Violent Index Offense,Aggravated Battery,7,Person offense,1
492,RITUALISM,AGGRAVATED RITUAL MUTILATION - KNIFE / CUTTING INSTRUMENT,1,Violent Index Offense,Aggravated Battery,7,Person offense,1
493,RITUALISM,AGGRAVATED RITUAL MUTILATION - OTHER DANGEROUS WEAPON,1,Violent Index Offense,Aggravated Battery,7,Person offense,1
494,RITUALISM,AGGRAVATED RITUAL MUTILATION -HANDS / FEET NO / MINOR INJURY,0,Non-Index Offense,Aggravated Battery,7,Person offense,1
495,BATTERY,AGGRAVATED OF A SENIOR CITIZEN,1,Violent Index Offense,Aggravated Battery,7,Person offense,1
496,BATTERY,AGGRAVATED DOMESTIC BATTERY - KNIFE / CUTTING INSTRUMENT,1,Violent Index Offense,Aggravated Domestic Battery,9,Person offense,1
496,BATTERY,AGGRAVATED DOMESTIC BATTERY: KNIFE / CUTTING INSTSTRUMENT,1,Violent Index Offense,Aggravated Domestic Battery,9,Person offense,1
496,BATTERY,AGGRAVATED DOMESTIC BATTERY: KNIFE/CUTTING INST,1,Violent Index Offense,Aggravated Domestic Battery,9,Person offense,1
497,BATTERY,AGGRAVATED DOMESTIC BATTERY - OTHER DANGEROUS WEAPON,1,Violent Index Offense,Aggravated Domestic Battery,9,Person offense,1
497,BATTERY,AGGRAVATED DOMESTIC BATTERY: OTHER DANG WEAPON,1,Violent Index Offense,Aggravated Domestic Battery,9,Person offense,1
497,BATTERY,AGGRAVATED DOMESTIC BATTERY: OTHER DANGEROUS WEAPON,1,Violent Index Offense,Aggravated Domestic Battery,9,Person offense,1
498,BATTERY,"""AGG. DOMESTIC BATTERY - HANDS, FISTS, FEET, SERIOUS INJURY""",1,Violent Index Offense,Aggravated Domestic Battery,9,Person offense,1
498,BATTERY,"AGG. DOMESTIC BATTERY - HANDS, FISTS, FEET, SERIOUS INJURY",1,Violent Index Offense,Aggravated Domestic Battery,9,Person offense,1
498,BATTERY,AGGRAVATED DOMESTIC BATTERY: HANDS/FIST/FEET SERIOUS INJURY,1,Violent Index Offense,Aggravated Domestic Battery,9,Person offense,1
499,BATTERY,AGGRAVATED DOMESTIC BATTERY,1,Violent Index Offense,Aggravated Domestic Battery,9,Person offense,1
500,OTHER OFFENSE,EAVESDROPPING,0,Non-Index Offense,Other Offense,72,Public order/other offense,5
501,OTHER OFFENSE,ANIMAL ABUSE / NEGLECT,0,Non-Index Offense,Other Offense,72,Public order/other offense,5
501,OTHER OFFENSE,HAZARDOUS MATERIALS VIOLATION,0,Non-Index Offense,Other Offense,72,Public order/other offense,5
502,OTHER OFFENSE,FALSE / STOLEN / ALTERED TRP,0,Non-Index Offense,Other Offense,72,Public order/other offense,5
502,OTHER OFFENSE,TAMPER WITH MOTOR VEHICLE,0,Non-Index Offense,Vehicle Offense,71,Vehicle offense,7
502,OTHER OFFENSE,VEHICLE TITLE / REGISTRATION OFFENSE,0,Non-Index Offense,Vehicle Offense,71,Vehicle offense,7
510,RITUALISM,"""AGG. RITUAL MUTILATION - HANDS, FISTS, FEET, SERIOUS INJURY""",1,Violent Index Offense,Aggravated Battery,7,Person offense,1
510,RITUALISM,"AGG. RITUAL MUTILATION - HANDS, FISTS, FEET, SERIOUS INJURY",1,Violent Index Offense,Aggravated Battery,7,Person offense,1
051A,ASSAULT,AGGRAVATED - HANDGUN,1,Violent Index Offense,Aggravated Assault,11,Person offense,1
051A,ASSAULT,AGGRAVATED: HANDGUN,1,Violent Index Offense,Aggravated Assault,11,Person offense,1
051B,ASSAULT,AGGRAVATED - OTHER FIREARM,1,Violent Index Offense,Aggravated Assault,11,Person offense,1
051B,ASSAULT,AGGRAVATED: OTHER FIREARM,1,Violent Index Offense,Aggravated Assault,11,Person offense,1
520,ASSAULT,AGGRAVATED - KNIFE / CUTTING INSTRUMENT,1,Violent Index Offense,Aggravated Assault,11,Person offense,1
520,ASSAULT,AGGRAVATED:KNIFE/CUTTING INSTR,1,Violent Index Offense,Aggravated Assault,11,Person offense,1
530,ASSAULT,AGGRAVATED - OTHER DANGEROUS WEAPON,1,Violent Index Offense,Aggravated Assault,11,Person offense,1
530,ASSAULT,AGGRAVATED: OTHER DANG WEAPON,1,Violent Index Offense,Aggravated Assault,11,Person offense,1
545,ASSAULT,"""PROTECTED EMPLOYEE - HANDS, FISTS, FEET, NO / MINOR INJURY""",0,Non-Index Offense,Assault,12,Person offense,1
545,ASSAULT,PRO EMP HANDS NO/MIN INJURY,0,Non-Index Offense,Assault,12,Person offense,1
545,ASSAULT,"PROTECTED EMPLOYEE - HANDS, FISTS, FEET, NO / MINOR INJURY",0,Non-Index Offense,Assault,12,Person offense,1
550,ASSAULT,AGGRAVATED PO: HANDGUN,1,Violent Index Offense,Aggravated Assault,11,Person offense,1
550,ASSAULT,AGGRAVATED POLICE OFFICER - HANDGUN,1,Violent Index Offense,Aggravated Assault,11,Person offense,1
551,ASSAULT,AGGRAVATED PO: OTHER FIREARM,1,Violent Index Offense,Aggravated Assault,11,Person offense,1
551,ASSAULT,AGGRAVATED POLICE OFFICER - OTHER FIREARM,1,Violent Index Offense,Aggravated Assault,11,Person offense,1
552,ASSAULT,AGGRAVATED PO:KNIFE/CUT INSTR,1,Violent Index Offense,Aggravated Assault,11,Person offense,1
552,ASSAULT,AGGRAVATED POLICE OFFICER - KNIFE / CUTTING INSTRUMENT,1,Violent Index Offense,Aggravated Assault,11,Person offense,1
553,ASSAULT,AGGRAVATED PO: OTHER DANG WEAP,1,Violent Index Offense,Aggravated Assault,11,Person offense,1
553,ASSAULT,AGGRAVATED POLICE OFFICER - OTHER DANGEROUS WEAPON,1,Violent Index Offense,Aggravated Assault,11,Person offense,1
554,ASSAULT,"""AGGRAVATED POLICE OFFICER - HANDS, FISTS, FEET, NO INJURY""",0,Non-Index Offense,Aggravated Assault,11,Person offense,1
554,ASSAULT,AGG PO HANDS NO/MIN INJURY,0,Non-Index Offense,Aggravated Assault,11,Person offense,1
554,ASSAULT,"AGGRAVATED POLICE OFFICER - HANDS, FISTS, FEET, NO INJURY",0,Non-Index Offense,Aggravated Assault,11,Person offense,1
555,ASSAULT,AGG PRO.EMP: HANDGUN,1,Violent Index Offense,Aggravated Assault,11,Person offense,1
555,ASSAULT,AGGRAVATED PROTECTED EMPLOYEE - HANDGUN,1,Violent Index Offense,Aggravated Assault,11,Person offense,1
556,ASSAULT,AGG PRO.EMP: OTHER FIREARM,1,Violent Index Offense,Aggravated Assault,11,Person offense,1
556,ASSAULT,AGGRAVATED PROTECTED EMPLOYEE - OTHER FIREARM,1,Violent Index Offense,Aggravated Assault,11,Person offense,1
557,ASSAULT,AGG PRO.EMP:KNIFE/CUTTING INST,1,Violent Index Offense,Aggravated Assault,11,Person offense,1
557,ASSAULT,AGGRAVATED PROTECTED EMPLOYEE - KNIFE / CUTTING INSTRUMENT,1,Violent Index Offense,Aggravated Assault,11,Person offense,1
558,ASSAULT,AGG PRO.EMP: OTHER DANG WEAPON,1,Violent Index Offense,Aggravated Assault,11,Person offense,1
558,ASSAULT,AGGRAVATED PROTECTED EMPLOYEE - OTHER DANGEROUS WEAPON,1,Violent Index Offense,Aggravated Assault,11,Person offense,1
560,ASSAULT,SIMPLE,0,Non-Index Offense,Assault,12,Person offense,1
580,STALKING,SIMPLE,0,Non-Index Offense,Stalking,15,Person offense,1
581,STALKING,AGGRAVATED,0,Non-Index Offense,Aggravated Stalking,14,Person offense,1
583,STALKING,CYBERSTALKING,0,Non-Index Offense,Stalking,15,Person offense,1
584,STALKING,VIOLATION OF STALKING NO CONTACT ORDER,0,Non-Index Offense,Violation of Order of Protection,16,Person offense,1
585,NON-CRIMINAL,NOTIFICATION OF STALKING - NO CONTACT ORDER,0,Non-Index Offense,Violation of Order of Protection,16,Person offense,1
610,BURGLARY,FORCIBLE ENTRY,2,Property Index Offense,Burglary,40,Property offense,3
620,BURGLARY,UNLAWFUL ENTRY,2,Property Index Offense,Burglary,40,Property offense,3
630,BURGLARY,ATTEMPT FORCIBLE ENTRY,2,Property Index Offense,Burglary,40,Property offense,3
650,BURGLARY,HOME INVASION,2,Property Index Offense,Home Invasion,41,Property offense,3
810,THEFT,OVER $500,2,Property Index Offense,Theft,42,Property offense,3
820,THEFT,$500 AND UNDER,2,Property Index Offense,Theft,42,Property offense,3
830,THEFT,THEFT RETAIL,2,Property Index Offense,Retail Theft,43,Property offense,3
840,THEFT,FINANCIAL IDENTITY THEFT: OVER $300,2,Property Index Offense,Identity Theft,44,Property offense,3
841,THEFT,FINANCIAL IDENTITY THEFT: $300 & UNDER,2,Property Index Offense,Identity Theft,44,Property offense,3
842,THEFT,AGGRAVATED: FINANCIAL IDENTITY THEFT,2,Property Index Offense,Identity Theft,44,Property offense,3
843,THEFT,ATTEMPT FINANCIAL IDENTITY THEFT,2,Property Index Offense,Identity Theft,44,Property offense,3
850,THEFT,ATTEMPT THEFT,2,Property Index Offense,Theft,42,Property offense,3
860,THEFT,RETAIL THEFT,2,Property Index Offense,Retail Theft,43,Property offense,3
865,THEFT,DELIVERY CONTAINER THEFT,2,Property Index Offense,Theft,42,Property offense,3
870,THEFT,POCKET-PICKING,2,Property Index Offense,Theft,42,Property offense,3
880,THEFT,PURSE-SNATCHING,2,Property Index Offense,Theft,42,Property offense,3
890,THEFT,FROM BUILDING,2,Property Index Offense,Theft,42,Property offense,3
895,THEFT,FROM COIN-OP MACHINE/DEVICE,2,Property Index Offense,Theft,42,Property offense,3
895,THEFT,FROM COIN-OPERATED MACHINE OR DEVICE,2,Property Index Offense,Theft,42,Property offense,3
910,MOTOR VEHICLE THEFT,AUTOMOBILE,2,Property Index Offense,Motor Vehicle Theft,45,Property offense,3
915,MOTOR VEHICLE THEFT,"""TRUCK, BUS, MOTOR HOME""",2,Property Index Offense,Motor Vehicle Theft,45,Property offense,3
915,MOTOR VEHICLE THEFT,"TRUCK, BUS, MOTOR HOME",2,Property Index Offense,Motor Vehicle Theft,45,Property offense,3
917,MOTOR VEHICLE THEFT,"""CYCLE, SCOOTER, BIKE WITH VIN""",2,Property Index Offense,Motor Vehicle Theft,45,Property offense,3
917,MOTOR VEHICLE THEFT,"CYCLE, SCOOTER, BIKE W-VIN",2,Property Index Offense,Motor Vehicle Theft,45,Property offense,3
917,MOTOR VEHICLE THEFT,"CYCLE, SCOOTER, BIKE WITH VIN",2,Property Index Offense,Motor Vehicle Theft,45,Property offense,3
918,MOTOR VEHICLE THEFT,"""CYCLE, SCOOTER, BIKE NO VIN""",2,Property Index Offense,Motor Vehicle Theft,45,Property offense,3
918,MOTOR VEHICLE THEFT,"CYCLE, SCOOTER, BIKE NO VIN",2,Property Index Offense,Motor Vehicle Theft,45,Property offense,3
920,MOTOR VEHICLE THEFT,ATT: AUTOMOBILE,2,Property Index Offense,Motor Vehicle Theft,45,Property offense,3
920,MOTOR VEHICLE THEFT,ATTEMPT - AUTOMOBILE,2,Property Index Offense,Motor Vehicle Theft,45,Property offense,3
925,MOTOR VEHICLE THEFT,"""ATTEMPT - TRUCK, BUS, MOTOR HOME""",2,Property Index Offense,Motor Vehicle Theft,45,Property offense,3
925,MOTOR VEHICLE THEFT,"ATT: TRUCK, BUS, MOTOR HOME",2,Property Index Offense,Motor Vehicle Theft,45,Property offense,3
925,MOTOR VEHICLE THEFT,"ATTEMPT - TRUCK, BUS, MOTOR HOME",2,Property Index Offense,Motor Vehicle Theft,45,Property offense,3
927,MOTOR VEHICLE THEFT,"""ATTEMPT - CYCLE, SCOOTER, BIKE WITH VIN""",2,Property Index Offense,Motor Vehicle Theft,45,Property offense,3
927,MOTOR VEHICLE THEFT,"ATTEMPT - CYCLE, SCOOTER, BIKE WITH VIN",2,Property Index Offense,Motor Vehicle Theft,45,Property offense,3
927,MOTOR VEHICLE THEFT,"ATTEMPT: CYCLE, SCOOTER, BIKE W-VIN",2,Property Index Offense,Motor Vehicle Theft,45,Property offense,3
928,MOTOR VEHICLE THEFT,"""ATTEMPT - CYCLE, SCOOTER, BIKE NO VIN""",2,Property Index Offense,Motor Vehicle Theft,45,Property offense,3
928,MOTOR VEHICLE THEFT,"ATTEMPT - CYCLE, SCOOTER, BIKE NO VIN",2,Property Index Offense,Motor Vehicle Theft,45,Property offense,3
928,MOTOR VEHICLE THEFT,"ATTEMPT: CYCLE, SCOOTER, BIKE NO VIN",2,Property Index Offense,Motor Vehicle Theft,45,Property offense,3
930,MOTOR VEHICLE THEFT,THEFT / RECOVERY - AUTOMOBILE,2,Property Index Offense,Motor Vehicle Theft,45,Property offense,3
930,MOTOR VEHICLE THEFT,THEFT/RECOVERY: AUTOMOBILE,2,Property Index Offense,Motor Vehicle Theft,45,Property offense,3
935,MOTOR VEHICLE THEFT,"""THEFT / RECOVERY - TRUCK, BUS, MOBILE HOME""",2,Property Index Offense,Motor Vehicle Theft,45,Property offense,3
935,MOTOR VEHICLE THEFT,"THEFT / RECOVERY - TRUCK, BUS, MOBILE HOME",2,Property Index Offense,Motor Vehicle Theft,45,Property offense,3
935,MOTOR VEHICLE THEFT,"THEFT/RECOVERY: TRUCK,BUS,MHOME",2,Property Index Offense,Motor Vehicle Theft,45,Property offense,3
937,MOTOR VEHICLE THEFT,"""THEFT / RECOVERY - CYCLE, SCOOTER, BIKE WITH VIN""",2,Property Index Offense,Motor Vehicle Theft,45,Property offense,3
937,MOTOR VEHICLE THEFT,"THEFT / RECOVERY - CYCLE, SCOOTER, BIKE WITH VIN",2,Property Index Offense,Motor Vehicle Theft,45,Property offense,3
937,MOTOR VEHICLE THEFT,"THEFT/RECOVERY: CYCLE, SCOOTER, BIKE W-VIN",2,Property Index Offense,Motor Vehicle Theft,45,Property offense,3
938,MOTOR VEHICLE THEFT,"""THEFT / RECOVERY - CYCLE, SCOOTER, BIKE NO VIN""",2,Property Index Offense,Motor Vehicle Theft,45,Property offense,3
938,MOTOR VEHICLE THEFT,"THEFT / RECOVERY - CYCLE, SCOOTER, BIKE NO VIN",2,Property Index Offense,Motor Vehicle Theft,45,Property offense,3
938,MOTOR VEHICLE THEFT,"THEFT/RECOVERY: CYCLE, SCOOTER, BIKE NO VIN",2,Property Index Offense,Motor Vehicle Theft,45,Property offense,3
1010,ARSON,BY EXPLOSIVE,2,Property Index Offense,Arson,39,Property offense,3
1020,ARSON,BY FIRE,2,Property Index Offense,Arson,39,Property offense,3
1025,ARSON,AGGRAVATED,2,Property Index Offense,Arson,39,Property offense,3
1030,ARSON,POS: EXPLOSIVE/INCENDIARY DEV,0,Non-Index Offense,Arson,39,Property offense,3
1030,ARSON,POSSESSION - EXPLOSIVE / INCENDIARY DEVICE,0,Non-Index Offense,Arson,39,Property offense,3
1035,ARSON,POSSESSION - CHEMICAL / DRY-ICE DEVICE,0,Non-Index Offense,Arson,39,Property offense,3
1050,HUMAN TRAFFICKING,COMMERCIAL SEX ACTS,1,Violent Index Offense,Human Traffkicking,20,Person offense,1
1055,HUMAN TRAFFICKING,INVOLUNTARY SERVITUDE,1,Violent Index Offense,Human Traffkicking,20,Person offense,1
1090,ARSON,ATTEMPT ARSON,2,Property Index Offense,Arson,39,Property offense,3
1110,DECEPTIVE PRACTICE,BOGUS CHECK,0,Non-Index Offense,Fraud,46,Property offense,3
1120,DECEPTIVE PRACTICE,FORGERY,0,Non-Index Offense,Fraud,46,Property offense,3
1121,DECEPTIVE PRACTICE,COUNTERFEITING DOCUMENT,0,Non-Index Offense,Fraud,46,Property offense,3
1122,DECEPTIVE PRACTICE,COUNTERFEIT CHECK,0,Non-Index Offense,Fraud,46,Property offense,3
1130,DECEPTIVE PRACTICE,FRAUD OR CONFIDENCE GAME,0,Non-Index Offense,Fraud,46,Property offense,3
1135,DECEPTIVE PRACTICE,INSURANCE FRAUD,0,Non-Index Offense,Fraud,46,Property offense,3
1140,DECEPTIVE PRACTICE,EMBEZZLEMENT,0,Non-Index Offense,Fraud,46,Property offense,3
1150,DECEPTIVE PRACTICE,CREDIT CARD FRAUD,0,Non-Index Offense,Fraud,46,Property offense,3
1151,DECEPTIVE PRACTICE,ILLEGAL POSSESSION CASH CARD,0,Non-Index Offense,Fraud,46,Property offense,3
1152,DECEPTIVE PRACTICE,ILLEGAL USE CASH CARD,0,Non-Index Offense,Fraud,46,Property offense,3
1153,DECEPTIVE PRACTICE,FINANCIAL IDENTITY THEFT OVER $ 300,0,Non-Index Offense,Fraud,46,Property offense,3
1154,DECEPTIVE PRACTICE,FINANCIAL IDENTITY THEFT $300 AND UNDER,0,Non-Index Offense,Fraud,46,Property offense,3
1155,DECEPTIVE PRACTICE,AGGRAVATED FINANCIAL IDENTITY THEFT,0,Non-Index Offense,Fraud,46,Property offense,3
1156,DECEPTIVE PRACTICE,ATTEMPT - FINANCIAL IDENTITY THEFT,0,Non-Index Offense,Fraud,46,Property offense,3
1160,DECEPTIVE PRACTICE,ALTER COINS,0,Non-Index Offense,Fraud,46,Property offense,3
1170,DECEPTIVE PRACTICE,IMPERSONATION,0,Non-Index Offense,Fraud,46,Property offense,3
1185,DECEPTIVE PRACTICE,DECEPTIVE COLLECTION PRACTICES,0,Non-Index Offense,Fraud,46,Property offense,3
1195,DECEPTIVE PRACTICE,FINAN EXPLOIT-ELDERLY/DISABLED,0,Non-Index Offense,Fraud,46,Property offense,3
1195,DECEPTIVE PRACTICE,FINANCIAL EXPLOITATION OF AN ELDERLY OR DISABLED PERSON,0,Non-Index Offense,Fraud,46,Property offense,3
1200,DECEPTIVE PRACTICE,STOLEN PROP: BUY/RECEIVE/POS.,0,Non-Index Offense,Fraud,46,Property offense,3
1200,DECEPTIVE PRACTICE,STOLEN PROPERTY BUY / RECEIVE / POSSESS,0,Non-Index Offense,Fraud,46,Property offense,3
1205,DECEPTIVE PRACTICE,"""THEFT BY LESSEE, NON-MOTOR VEHICLE""",0,Non-Index Offense,Fraud,46,Property offense,3
1205,DECEPTIVE PRACTICE,"THEFT BY LESSEE, NON-MOTOR VEHICLE",0,Non-Index Offense,Fraud,46,Property offense,3
1205,DECEPTIVE PRACTICE,"THEFT BY LESSEE,NON-VEH",0,Non-Index Offense,Fraud,46,Property offense,3
1206,DECEPTIVE PRACTICE,"""THEFT BY LESSEE, MOTOR VEHICLE""",0,Non-Index Offense,Fraud,46,Property offense,3
1206,DECEPTIVE PRACTICE,"THEFT BY LESSEE, MOTOR VEHICLE",0,Non-Index Offense,Fraud,46,Property offense,3
1206,DECEPTIVE PRACTICE,"THEFT BY LESSEE,MOTOR VEH",0,Non-Index Offense,Fraud,46,Property offense,3
1210,DECEPTIVE PRACTICE,THEFT OF LABOR / SERVICES,0,Non-Index Offense,Fraud,46,Property offense,3
1210,DECEPTIVE PRACTICE,THEFT OF LABOR/SERVICES,0,Non-Index Offense,Fraud,46,Property offense,3
1220,DECEPTIVE PRACTICE,THEFT OF LOST / MISLAID PROPERTY,0,Non-Index Offense,Fraud,46,Property offense,3
1220,DECEPTIVE PRACTICE,THEFT OF LOST/MISLAID PROP,0,Non-Index Offense,Fraud,46,Property offense,3
1230,DECEPTIVE PRACTICE,POSSESS KEYS OR DEVICE TO COIN MACHINE,0,Non-Index Offense,Fraud,46,Property offense,3
1235,DECEPTIVE PRACTICE,UNLAWFUL USE OF RECORDED SOUND,0,Non-Index Offense,Fraud,46,Property offense,3
1240,DECEPTIVE PRACTICE,UNLAWFUL USE OF A COMPUTER,0,Non-Index Offense,Fraud,46,Property offense,3
1241,DECEPTIVE PRACTICE,AGGRAVATED COMPUTER TAMPERING,0,Non-Index Offense,Fraud,46,Property offense,3
1242,DECEPTIVE PRACTICE,COMPUTER FRAUD,0,Non-Index Offense,Fraud,46,Property offense,3
1245,DECEPTIVE PRACTICE,PAY TV SERVICE OFFENSES,0,Non-Index Offense,Fraud,46,Property offense,3
1255,DECEPTIVE PRACTICE,UNIDENTIFIABLE RECORDING SOUND,0,Non-Index Offense,Fraud,46,Property offense,3
1260,DECEPTIVE PRACTICE,LIBRARY THEFT,0,Non-Index Offense,Fraud,46,Property offense,3
1261,DECEPTIVE PRACTICE,UNAUTHORIZED VIDEOTAPING,0,Non-Index Offense,Fraud,46,Property offense,3
1265,CRIMINAL DAMAGE,LIBRARY VANDALISM,0,Non-Index Offense,Criminal Damage to Property,47,Property offense,3
1305,CRIMINAL DAMAGE,CRIMINAL DEFACEMENT,0,Non-Index Offense,Criminal Damage to Property,47,Property offense,3
1310,CRIMINAL DAMAGE,TO PROPERTY,0,Non-Index Offense,Criminal Damage to Property,47,Property offense,3
1320,CRIMINAL DAMAGE,TO VEHICLE,0,Non-Index Offense,Criminal Damage to Vehicle,48,Property offense,3
1330,CRIMINAL TRESPASS,TO LAND,0,Non-Index Offense,Criminal Damage to Property,47,Property offense,3
1335,CRIMINAL TRESPASS,TO AIRPORT,0,Non-Index Offense,Criminal Damage to Property,47,Property offense,3
1340,CRIMINAL DAMAGE,TO STATE SUP PROP,0,Non-Index Offense,Criminal Damage to Government Property,49,Property offense,3
1340,CRIMINAL DAMAGE,TO STATE SUPPORTED PROPERTY,0,Non-Index Offense,Criminal Damage to Government Property,49,Property offense,3
1345,CRIMINAL DAMAGE,TO CITY OF CHICAGO PROPERTY,0,Non-Index Offense,Criminal Damage to Government Property,49,Property offense,3
1350,CRIMINAL TRESPASS,TO STATE SUP LAND,0,Non-Index Offense,Criminal Damage to Government Property,49,Property offense,3
1360,CRIMINAL TRESPASS,TO VEHICLE,0,Non-Index Offense,Criminal Damage to Vehicle,48,Property offense,3
1365,CRIMINAL TRESPASS,TO RESIDENCE,0,Non-Index Offense,Criminal Damage to Property,47,Property offense,3
1370,CRIMINAL DAMAGE,TO FIRE FIGHT.APP.EQUIP,0,Non-Index Offense,Criminal Damage to Government Property,49,Property offense,3
1375,CRIMINAL DAMAGE,INSTITUTIONAL VANDALISM,0,Non-Index Offense,Criminal Damage to Property,47,Property offense,3
141A,WEAPONS VIOLATION,UNLAWFUL USE - HANDGUN,0,Non-Index Offense,Unlawful Use of a Weapon,34,Weapon offense,2
141A,WEAPONS VIOLATION,UNLAWFUL USE HANDGUN,0,Non-Index Offense,Unlawful Use of a Weapon,34,Weapon offense,2
141B,WEAPONS VIOLATION,UNLAWFUL USE - OTHER FIREARM,0,Non-Index Offense,Unlawful Use of a Weapon,34,Weapon offense,2
141B,WEAPONS VIOLATION,UNLAWFUL USE OTHER FIREARM,0,Non-Index Offense,Unlawful Use of a Weapon,34,Weapon offense,2
141C,WEAPONS VIOLATION,UNLAWFUL USE - OTHER DANGEROUS WEAPON,0,Non-Index Offense,Unlawful Use of a Weapon,34,Weapon offense,2
141C,WEAPONS VIOLATION,UNLAWFUL USE OTHER DANG WEAPON,0,Non-Index Offense,Unlawful Use of a Weapon,34,Weapon offense,2
142A,WEAPONS VIOLATION,UNLAWFUL SALE - HANDGUN,0,Non-Index Offense,Unlawful Sale of a Firearm,35,Weapon offense,2
142A,WEAPONS VIOLATION,UNLAWFUL SALE HANDGUN,0,Non-Index Offense,Unlawful Use of a Weapon,34,Weapon offense,2
142B,WEAPONS VIOLATION,UNLAWFUL SALE - OTHER FIREARM,0,Non-Index Offense,Unlawful Sale of a Firearm,35,Weapon offense,2
142B,WEAPONS VIOLATION,UNLAWFUL SALE OTHER FIREARM,0,Non-Index Offense,Unlawful Use of a Weapon,34,Weapon offense,2
1435,WEAPONS VIOLATION,UNLAWFUL SALE - DELIVERY OF FIREARM AT SCHOOL,0,Non-Index Offense,Unlawful Sale of a Firearm,35,Weapon offense,2
1435,WEAPONS VIOLATION,UNLAWFUL SALE/DELIVERY OF FIREARM AT SCHOOL,0,Non-Index Offense,Unlawful Use of a Weapon,34,Weapon offense,2
143A,WEAPONS VIOLATION,UNLAWFUL POSS OF HANDGUN,0,Non-Index Offense,Unlawful Use of a Weapon,34,Weapon offense,2
143A,WEAPONS VIOLATION,UNLAWFUL POSSESSION - HANDGUN,0,Non-Index Offense,Unlawful Use of a Weapon,34,Weapon offense,2
143B,WEAPONS VIOLATION,UNLAWFUL POSS OTHER FIREARM,0,Non-Index Offense,Unlawful Use of a Weapon,34,Weapon offense,2
143B,WEAPONS VIOLATION,UNLAWFUL POSSESSION - OTHER FIREARM,0,Non-Index Offense,Unlawful Use of a Weapon,34,Weapon offense,2
143C,WEAPONS VIOLATION,UNLAWFUL POSS AMMUNITION,0,Non-Index Offense,Unlawful Use of a Weapon,34,Weapon offense,2
143C,WEAPONS VIOLATION,UNLAWFUL POSSESSION - AMMUNITION,0,Non-Index Offense,Unlawful Use of a Weapon,34,Weapon offense,2
1440,WEAPONS VIOLATION,REGISTER OF SALES BY DEALER,0,Non-Index Offense,Gun Offense - Other,38,Weapon offense,2
1450,WEAPONS VIOLATION,DEFACE IDENT MARKS OF FIREARM,0,Non-Index Offense,Gun Offense - Other,38,Weapon offense,2
1450,WEAPONS VIOLATION,DEFACE IDENTIFICATION MARKS OF FIREARM,0,Non-Index Offense,Gun Offense - Other,38,Weapon offense,2
1460,WEAPONS VIOLATION,POSS FIREARM/AMMO:NO FOID CARD,0,Non-Index Offense,Gun Offense - Other,38,Weapon offense,2
1460,WEAPONS VIOLATION,POSSESS FIREARM / AMMUNITION - NO FOID CARD,0,Non-Index Offense,Gun Offense - Other,38,Weapon offense,2
1475,WEAPONS VIOLATION,SALE OF METAL PIERCING BULLETS,0,Non-Index Offense,Gun Offense - Other,38,Weapon offense,2
1476,WEAPONS VIOLATION,USE OF METAL PIERCING BULLETS,0,Non-Index Offense,Gun Offense - Other,38,Weapon offense,2
1477,WEAPONS VIOLATION,RECKLESS FIREARM DISCHARGE,0,Non-Index Offense,Reckless Discharge of a Firearm,36,Weapon offense,2
1478,CONCEALED CARRY LICENSE VIOLATION,PROHIBITED PLACES,0,Non-Index Offense,Conceal Carry Violation,37,Weapon offense,2
1479,CONCEALED CARRY LICENSE VIOLATION,ARMED WHILE UNDER THE INFLUENCE,0,Non-Index Offense,Conceal Carry Violation,37,Weapon offense,2
1480,CONCEALED CARRY LICENSE VIOLATION,OTHER,0,Non-Index Offense,Conceal Carry Violation,37,Weapon offense,2
1481,NON-CRIMINAL,CONCEALED CARRY LICENSE REVOCATION,0,Non-Index Offense,Conceal Carry Violation,37,Weapon offense,2
1505,PROSTITUTION,CALL OPERATION,0,Non-Index Offense,Prostitution,27,Person offense,1
1506,PROSTITUTION,SOLICIT ON PUBLIC WAY,0,Non-Index Offense,Prostitution,27,Person offense,1
1507,PROSTITUTION,SOLICIT OFF PUBLIC WAY,0,Non-Index Offense,Prostitution,27,Person offense,1
1510,PROSTITUTION,CAB OPERATION,0,Non-Index Offense,Prostitution,27,Person offense,1
1511,PROSTITUTION,IN TAVERN,0,Non-Index Offense,Prostitution,27,Person offense,1
1512,PROSTITUTION,SOLICIT FOR PROSTITUTE,0,Non-Index Offense,Prostitution,27,Person offense,1
1512,PROSTITUTION,SOLICITING FOR A PROSTITUTE,0,Non-Index Offense,Prostitution,27,Person offense,1
1513,PROSTITUTION,SOLICIT FOR BUSINESS,0,Non-Index Offense,Prostitution,27,Person offense,1
1513,PROSTITUTION,SOLICITING FOR BUSINESS,0,Non-Index Offense,Prostitution,27,Person offense,1
1515,PROSTITUTION,PANDERING,0,Non-Index Offense,Prostitution,27,Person offense,1
1520,PROSTITUTION,KEEPING PLACE OF PROSTITUTION,0,Non-Index Offense,Prostitution,27,Person offense,1
1521,PROSTITUTION,KEEPING PLACE OF JUVENILE PROSTITUTION,0,Non-Index Offense,Prostitution,27,Person offense,1
1525,PROSTITUTION,PATRONIZING A PROSTITUTE,0,Non-Index Offense,Prostitution,27,Person offense,1
1526,PROSTITUTION,PATRONIZE JUVENILE PROSTITUTE,0,Non-Index Offense,Prostitution,27,Person offense,1
1526,PROSTITUTION,PATRONIZING A JUVENILE PROSTITUTE,0,Non-Index Offense,Prostitution,27,Person offense,1
1530,PROSTITUTION,PIMPING,0,Non-Index Offense,Prostitution,27,Person offense,1
1531,PROSTITUTION,JUVENILE PIMPING,0,Non-Index Offense,Prostitution,27,Person offense,1
1535,OBSCENITY,OBSCENITY,0,Non-Index Offense,Obscenity,28,Person offense,1
1536,PUBLIC INDECENCY,LICENSED PREMISE,0,Non-Index Offense,Public Indecency,29,Person offense,1
1537,OFFENSE INVOLVING CHILDREN,POS: PORNOGRAPHIC PRINT,0,Non-Index Offense,Sex Offense - Other,31,Person offense,1
1537,OFFENSE INVOLVING CHILDREN,POSSESSION OF PORNOGRAPHIC PRINT,0,Non-Index Offense,Sex Offense - Other,31,Person offense,1
1540,OBSCENITY,OBSCENE MATTER,0,Non-Index Offense,Obscenity,28,Person offense,1
1541,OBSCENITY,SALE / DISTRIBUTE OBSCENE MATERIAL TO MINOR,0,Non-Index Offense,Obscenity,28,Person offense,1
1541,OBSCENITY,SALE/DIST OBSCENE MAT TO MINOR,0,Non-Index Offense,Obscenity,28,Person offense,1
1542,OBSCENITY,SALE OF OBSCENE MATERIALS,0,Non-Index Offense,Obscenity,28,Person offense,1
1544,SEX OFFENSE,SEXUAL EXPLOITATION OF A CHILD,0,Non-Index Offense,Sexual Exploitation of Children,25,Person offense,1
1549,PROSTITUTION,OTHER PROSTITUTION OFFENSE,0,Non-Index Offense,Prostitution,27,Person offense,1
1562,SEX OFFENSE,AGG CRIMINAL SEXUAL ABUSE,0,Non-Index Offense,Criminal Sexual Abuse,5,Person offense,1
1562,SEX OFFENSE,AGGRAVATED CRIMINAL SEXUAL ABUSE,0,Non-Index Offense,Criminal Sexual Abuse,5,Person offense,1
1563,SEX OFFENSE,CRIMINAL SEXUAL ABUSE,0,Non-Index Offense,Criminal Sexual Abuse,5,Person offense,1
1564,SEX OFFENSE,CRIMINAL TRANSMISSION OF HIV,0,Non-Index Offense,Sex Offense - Other,31,Person offense,1
1565,SEX OFFENSE,INDECENT SOLICITATION OF A CHILD,0,Non-Index Offense,Indescent Solicitation of a Child,23,Person offense,1
1565,SEX OFFENSE,INDECENT SOLICITATION/CHILD,0,Non-Index Offense,Indescent Solicitation of a Child,23,Person offense,1
1566,SEX OFFENSE,INDECENT SOLICITATION OF AN ADULT,0,Non-Index Offense,Indescent Solicitation of an Adult,24,Person offense,1
1566,SEX OFFENSE,INDECENT SOLICITATION/ADULT,0,Non-Index Offense,Indescent Solicitation of an Adult,24,Person offense,1
1570,SEX OFFENSE,PUBLIC INDECENCY,0,Non-Index Offense,Public Indecency,29,Person offense,1
1572,SEX OFFENSE,ADULTRY,0,Non-Index Offense,Sex Offense - Other,31,Person offense,1
1574,SEX OFFENSE,FORNICATION,0,Non-Index Offense,Sex Offense - Other,31,Person offense,1
1576,SEX OFFENSE,BIGAMY,0,Non-Index Offense,Sex Offense - Other,31,Person offense,1
1578,SEX OFFENSE,MARRYING A BIGAMIST,0,Non-Index Offense,Sex Offense - Other,31,Person offense,1
1580,SEX OFFENSE,SEXUAL RELATIONS IN FAMILY,0,Non-Index Offense,Sex Offense - Other,31,Person offense,1
1581,SEX OFFENSE,NON-CONSENSUAL DISSEMINATION OF PRIVATE SEXUAL IMAGES,0,Non-Index Offense,Sex Offense - Other,31,Person offense,1
1581,SEX OFFENSE,NON-CONSENSUAL DISSEMINATION PRIVATE SEXUAL IMAGES,0,Non-Index Offense,Sex Offense - Other,31,Person offense,1
1582,OFFENSE INVOLVING CHILDREN,CHILD PORNOGRAPHY,0,Non-Index Offense,Child Pornography,30,Person offense,1
1585,SEX OFFENSE,OTHER,0,Non-Index Offense,Sex Offense - Other,31,Person offense,1
1590,SEX OFFENSE,ATT AGG CRIMINAL SEXUAL ABUSE,0,Non-Index Offense,Criminal Sexual Abuse,5,Person offense,1
1590,SEX OFFENSE,ATTEMPT AGGRAVATED CRIMINAL SEXUAL ABUSE,0,Non-Index Offense,Criminal Sexual Abuse,5,Person offense,1
1610,GAMBLING,BOOKMAKING / HORSES,0,Non-Index Offense,Gambling,68,Public order/other offense,5
1611,GAMBLING,BOOKMAKING / SPORTS,0,Non-Index Offense,Gambling,68,Public order/other offense,5
1620,GAMBLING,BOLITA OR BOLI PUL / OFFICE,0,Non-Index Offense,Gambling,68,Public order/other offense,5
1621,GAMBLING,BOLITA OR BOLI PUL / RUNNER,0,Non-Index Offense,Gambling,68,Public order/other offense,5
1622,GAMBLING,BOLITA OR BOLI PUL / WRITER,0,Non-Index Offense,Gambling,68,Public order/other offense,5
1623,GAMBLING,BOLITA OR BOLI PUL / STATION,0,Non-Index Offense,Gambling,68,Public order/other offense,5
1624,GAMBLING,LOTTERY / PARI-MUTUEL,0,Non-Index Offense,Gambling,68,Public order/other offense,5
1625,GAMBLING,NATIONAL LOTTERY,0,Non-Index Offense,Gambling,68,Public order/other offense,5
1626,GAMBLING,ILLEGAL ILLINOIS LOTTERY,0,Non-Index Offense,Gambling,68,Public order/other offense,5
1627,GAMBLING,LOTTERY / OTHER,0,Non-Index Offense,Gambling,68,Public order/other offense,5
1630,GAMBLING,WIREROOM / HORSES,0,Non-Index Offense,Gambling,68,Public order/other offense,5
1631,GAMBLING,WIREROOM / SPORTS,0,Non-Index Offense,Gambling,68,Public order/other offense,5
1632,GAMBLING,WIREROOM / NUMBERS,0,Non-Index Offense,Gambling,68,Public order/other offense,5
1633,GAMBLING,SPORTS TAMPERING,0,Non-Index Offense,Gambling,68,Public order/other offense,5
1640,GAMBLING,REGISTER FEDERAL GAMBLING STAMP,0,Non-Index Offense,Gambling,68,Public order/other offense,5
1650,GAMBLING,VIOLATION OF CHARITABLE GAME ACT,0,Non-Index Offense,Gambling,68,Public order/other offense,5
1651,GAMBLING,GAME/CARDS,0,Non-Index Offense,Gambling,68,Public order/other offense,5
1661,GAMBLING,GAME/DICE,0,Non-Index Offense,Gambling,68,Public order/other offense,5
1670,GAMBLING,GAME / AMUSEMENT DEVICE,0,Non-Index Offense,Gambling,68,Public order/other offense,5
1670,GAMBLING,GAME/AMUSEMENT DEVICE,0,Non-Index Offense,Gambling,68,Public order/other offense,5
1680,GAMBLING,OTHER,0,Non-Index Offense,Gambling,68,Public order/other offense,5
1681,GAMBLING,LOTTERY / PARLAY CARDS,0,Non-Index Offense,Gambling,68,Public order/other offense,5
1682,OTHER OFFENSE,ANIMAL FIGHTING,0,Non-Index Offense,Other Offense,72,Public order/other offense,5
1690,GAMBLING,POLICY / HOUSEBOOK,0,Non-Index Offense,Gambling,68,Public order/other offense,5
1691,GAMBLING,POLICY / STATION,0,Non-Index Offense,Gambling,68,Public order/other offense,5
1692,GAMBLING,POLICY / RUNNER,0,Non-Index Offense,Gambling,68,Public order/other offense,5
1693,GAMBLING,POLICY / TURN-IN,0,Non-Index Offense,Gambling,68,Public order/other offense,5
1694,GAMBLING,POLICY / OFFICE,0,Non-Index Offense,Gambling,68,Public order/other offense,5
1695,GAMBLING,POLICY / PRESS,0,Non-Index Offense,Gambling,68,Public order/other offense,5
1696,GAMBLING,POLICY / WHEEL,0,Non-Index Offense,Gambling,68,Public order/other offense,5
1697,GAMBLING,POLICY / OTHER,0,Non-Index Offense,Gambling,68,Public order/other offense,5
1710,OFFENSE INVOLVING CHILDREN,ENDANGERING LIFE / HEALTH OF CHILD,0,Non-Index Offense,Endangering the Life of a Child,32,Person offense,1
1710,OFFENSE INVOLVING CHILDREN,ENDANGERING LIFE/HEALTH CHILD,0,Non-Index Offense,Endangering the Life of a Child,32,Person offense,1
1715,OFFENSE INVOLVING CHILDREN,SALE OF TOBACCO PRODUCTS TO MINOR,0,Non-Index Offense,Other Offense,72,Public order/other offense,5
1715,OFFENSE INVOLVING CHILDREN,SALE TOBACCO PRODUCTS TO MINOR,0,Non-Index Offense,Other Offense,72,Public order/other offense,5
1720,OFFENSE INVOLVING CHILDREN,CONTRIBUTE DELINQUENCY OF A CHILD,0,Non-Index Offense,Other Offense,72,Public order/other offense,5
1720,OFFENSE INVOLVING CHILDREN,CONTRIBUTE TO THE DELINQUENCY OF CHILD,0,Non-Index Offense,Other Offense,72,Public order/other offense,5
1725,OFFENSE INVOLVING CHILDREN,CONTRIBUTE CRIM DELINQUENCY JUVENILE,0,Non-Index Offense,Other Offense,72,Public order/other offense,5
1725,OFFENSE INVOLVING CHILDREN,CONTRIBUTE TO THE CRIMINAL DELINQUENCY OF CHILD,0,Non-Index Offense,Other Offense,72,Public order/other offense,5
1750,OFFENSE INVOLVING CHILDREN,CHILD ABUSE,0,Non-Index Offense,Child Abuse/Abandonment,33,Person offense,1
1751,OFFENSE INVOLVING CHILDREN,CRIM SEX ABUSE BY FAM MEMBER,0,Non-Index Offense,Criminal Sexual Abuse,5,Person offense,1
1751,OFFENSE INVOLVING CHILDREN,CRIMINAL SEXUAL ABUSE BY FAMILY MEMBER,0,Non-Index Offense,Criminal Sexual Abuse,5,Person offense,1
1752,OFFENSE INVOLVING CHILDREN,AGG CRIM SEX ABUSE FAM MEMBER,0,Non-Index Offense,Criminal Sexual Abuse,5,Person offense,1
1752,OFFENSE INVOLVING CHILDREN,AGGRAVATED CRIMINAL SEXUAL ABUSE BY FAMILY MEMBER,0,Non-Index Offense,Criminal Sexual Abuse,5,Person offense,1
1753,OFFENSE INVOLVING CHILDREN,SEX ASSLT OF CHILD BY FAM MBR,1,Violent Index Offense,Criminal Sexual Assault,4,Person offense,1
1753,OFFENSE INVOLVING CHILDREN,SEXUAL ASSAULT OF CHILD BY FAMILY MEMBER,1,Violent Index Offense,Criminal Sexual Assault,4,Person offense,1
1754,OFFENSE INVOLVING CHILDREN,AGG SEX ASSLT OF CHILD FAM MBR,1,Violent Index Offense,Criminal Sexual Assault,4,Person offense,1
1754,OFFENSE INVOLVING CHILDREN,AGGRAVATED SEXUAL ASSAULT OF CHILD BY FAMILY MEMBER,1,Violent Index Offense,Criminal Sexual Assault,4,Person offense,1
1755,OFFENSE INVOLVING CHILDREN,CHILD ABANDONMENT,0,Non-Index Offense,Child Abuse/Abandonment,33,Person offense,1
1775,OFFENSE INVOLVING CHILDREN,SALE OF TRAVEL TICKET TO MINOR,0,Non-Index Offense,Other Offense,72,Public order/other offense,5
1780,OFFENSE INVOLVING CHILDREN,OTHER OFFENSE,0,Non-Index Offense,Other Offense,72,Public order/other offense,5
1790,OFFENSE INVOLVING CHILDREN,CHILD ABDUCTION,0,Non-Index Offense,Child Abuse/Abandonment,33,Person offense,1
1791,OFFENSE INVOLVING CHILDREN,HARBOR RUNAWAY,0,Non-Index Offense,Child Abuse/Abandonment,33,Person offense,1
1792,KIDNAPPING,CHILD ABDUCTION / STRANGER,0,Non-Index Offense,Kidnapping,21,Person offense,1
1792,KIDNAPPING,CHILD ABDUCTION/STRANGER,0,Non-Index Offense,Kidnapping,21,Person offense,1
1811,NARCOTICS,POSS: CANNABIS 30GMS OR LESS,0,Non-Index Offense,Possession of Cannabis,52,Drug offense,4
1811,NARCOTICS,POSSESS - CANNABIS 30 GRAMS OR LESS,0,Non-Index Offense,Possession of Cannabis,52,Drug offense,4
1812,NARCOTICS,POSS: CANNABIS MORE THAN 30GMS,0,Non-Index Offense,Possession of Cannabis,52,Drug offense,4
1812,NARCOTICS,POSSESS - CANNABIS MORE THAN 30 GRAMS,0,Non-Index Offense,Possession of Cannabis,52,Drug offense,4
1821,NARCOTICS,MANU/DEL:CANNABIS 10GM OR LESS,0,Non-Index Offense,Manufacture/Delivery of Cannabis,54,Drug offense,4
1821,NARCOTICS,MANUFACTURE / DELIVER - CANNABIS 10 GRAMS OR LESS,0,Non-Index Offense,Manufacture/Delivery of Cannabis,54,Drug offense,4
1822,NARCOTICS,MANU/DEL:CANNABIS OVER 10 GMS,0,Non-Index Offense,Manufacture/Delivery of Cannabis,54,Drug offense,4
1822,NARCOTICS,MANUFACTURE / DELIVER - CANNABIS OVER 10 GRAMS,0,Non-Index Offense,Manufacture/Delivery of Cannabis,54,Drug offense,4
1840,NARCOTICS,DELIVER CANNABIS TO PERSON <18,0,Non-Index Offense,Manufacture/Delivery of Cannabis,54,Drug offense,4
1840,NARCOTICS,DELIVER CANNABIS TO PERSON UNDER 18,0,Non-Index Offense,Manufacture/Delivery of Cannabis,54,Drug offense,4
1850,NARCOTICS,CANNABIS PLANT,0,Non-Index Offense,Manufacture/Delivery of Cannabis,54,Drug offense,4
1860,NARCOTICS,CALCULATED CANNABIS CONSPIRACY,0,Non-Index Offense,Manufacture/Delivery of Cannabis,54,Drug offense,4
1900,OTHER NARCOTIC VIOLATION,INTOXICATING COMPOUNDS,0,Non-Index Offense,Drug Offense - Other,56,Drug offense,4
2010,NARCOTICS,MANU/DELIVER:AMPHETAMINES,0,Non-Index Offense,Manufacture/Delivery of Controlled Substance,55,Drug offense,4
2010,NARCOTICS,MANUFACTURE / DELIVER - AMPHETAMINES,0,Non-Index Offense,Manufacture/Delivery of Controlled Substance,55,Drug offense,4
2011,NARCOTICS,MANU/DELIVER:BARBITUATES,0,Non-Index Offense,Manufacture/Delivery of Controlled Substance,55,Drug offense,4
2011,NARCOTICS,MANUFACTURE / DELIVER - BARBITURATES,0,Non-Index Offense,Manufacture/Delivery of Controlled Substance,55,Drug offense,4
2012,NARCOTICS,MANU/DELIVER:COCAINE,0,Non-Index Offense,Manufacture/Delivery of Controlled Substance,55,Drug offense,4
2012,NARCOTICS,MANUFACTURE / DELIVER - COCAINE,0,Non-Index Offense,Manufacture/Delivery of Controlled Substance,55,Drug offense,4
2013,NARCOTICS,MANU/DELIVER: HEROIN(BRN/TAN),0,Non-Index Offense,Manufacture/Delivery of Controlled Substance,55,Drug offense,4
2013,NARCOTICS,MANUFACTURE / DELIVER - HEROIN (TAN / BROWN TAR),0,Non-Index Offense,Manufacture/Delivery of Controlled Substance,55,Drug offense,4
2014,NARCOTICS,MANU/DELIVER: HEROIN (WHITE),0,Non-Index Offense,Manufacture/Delivery of Controlled Substance,55,Drug offense,4
2014,NARCOTICS,MANUFACTURE / DELIVER -  HEROIN (WHITE),0,Non-Index Offense,Manufacture/Delivery of Controlled Substance,55,Drug offense,4
2015,NARCOTICS,MANU/DELIVER: HALLUCINOGEN,0,Non-Index Offense,Manufacture/Delivery of Controlled Substance,55,Drug offense,4
2015,NARCOTICS,MANUFACTURE / DELIVER - HALLUCINOGEN,0,Non-Index Offense,Manufacture/Delivery of Controlled Substance,55,Drug offense,4
2016,NARCOTICS,MANU/DELIVER:PCP,0,Non-Index Offense,Manufacture/Delivery of Controlled Substance,55,Drug offense,4
2016,NARCOTICS,MANUFACTURE / DELIVER - PCP,0,Non-Index Offense,Manufacture/Delivery of Controlled Substance,55,Drug offense,4
2017,NARCOTICS,MANU/DELIVER:CRACK,0,Non-Index Offense,Manufacture/Delivery of Controlled Substance,55,Drug offense,4
2017,NARCOTICS,MANUFACTURE / DELIVER - CRACK,0,Non-Index Offense,Manufacture/Delivery of Controlled Substance,55,Drug offense,4
2018,NARCOTICS,MANU/DELIVER:SYNTHETIC DRUGS,0,Non-Index Offense,Manufacture/Delivery of Controlled Substance,55,Drug offense,4
2018,NARCOTICS,MANUFACTURE / DELIVER - SYNTHETIC DRUGS,0,Non-Index Offense,Manufacture/Delivery of Controlled Substance,55,Drug offense,4
2019,NARCOTICS,MANU/DELIVER:HEROIN(BLACK TAR),0,Non-Index Offense,Manufacture/Delivery of Controlled Substance,55,Drug offense,4
2019,NARCOTICS,MANUFACTURE / DELIVER - HEROIN (BLACK TAR),0,Non-Index Offense,Manufacture/Delivery of Controlled Substance,55,Drug offense,4
2020,NARCOTICS,POSS: AMPHETAMINES,0,Non-Index Offense,Possession of a Controlled Substance,53,Drug offense,4
2020,NARCOTICS,POSSESS - AMPHETAMINES,0,Non-Index Offense,Possession of a Controlled Substance,53,Drug offense,4
2021,NARCOTICS,POSS: BARBITUATES,0,Non-Index Offense,Possession of a Controlled Substance,53,Drug offense,4
2021,NARCOTICS,POSSESS - BARBITURATES,0,Non-Index Offense,Possession of a Controlled Substance,53,Drug offense,4
2022,NARCOTICS,POSS: COCAINE,0,Non-Index Offense,Possession of a Controlled Substance,53,Drug offense,4
2022,NARCOTICS,POSSESS - COCAINE,0,Non-Index Offense,Possession of a Controlled Substance,53,Drug offense,4
2023,NARCOTICS,POSS: HEROIN(BRN/TAN),0,Non-Index Offense,Possession of a Controlled Substance,53,Drug offense,4
2023,NARCOTICS,POSSESS - HEROIN (TAN / BROWN TAR),0,Non-Index Offense,Possession of a Controlled Substance,53,Drug offense,4
2024,NARCOTICS,POSS: HEROIN(WHITE),0,Non-Index Offense,Possession of a Controlled Substance,53,Drug offense,4
2024,NARCOTICS,POSSESS - HEROIN (WHITE),0,Non-Index Offense,Possession of a Controlled Substance,53,Drug offense,4
2025,NARCOTICS,POSS: HALLUCINOGENS,0,Non-Index Offense,Possession of a Controlled Substance,53,Drug offense,4
2025,NARCOTICS,POSSESS - HALLUCINOGENS,0,Non-Index Offense,Possession of a Controlled Substance,53,Drug offense,4
2026,NARCOTICS,POSS: PCP,0,Non-Index Offense,Possession of a Controlled Substance,53,Drug offense,4
2026,NARCOTICS,POSSESS - PCP,0,Non-Index Offense,Possession of a Controlled Substance,53,Drug offense,4
2027,NARCOTICS,POSS: CRACK,0,Non-Index Offense,Possession of a Controlled Substance,53,Drug offense,4
2027,NARCOTICS,POSSESS - CRACK,0,Non-Index Offense,Possession of a Controlled Substance,53,Drug offense,4
2028,NARCOTICS,POSS: SYNTHETIC DRUGS,0,Non-Index Offense,Possession of a Controlled Substance,53,Drug offense,4
2028,NARCOTICS,POSSESS - SYNTHETIC DRUGS,0,Non-Index Offense,Possession of a Controlled Substance,53,Drug offense,4
2029,NARCOTICS,POSS: HEROIN(BLACK TAR),0,Non-Index Offense,Possession of a Controlled Substance,53,Drug offense,4
2029,NARCOTICS,POSSESS - HEROIN (BLACK TAR),0,Non-Index Offense,Possession of a Controlled Substance,53,Drug offense,4
2030,NARCOTICS,MANU/DELIVER:LOOK-ALIKE DRUG,0,Non-Index Offense,Manufacture/Delivery of Controlled Substance,55,Drug offense,4
2030,NARCOTICS,MANUFACTURE / DELIVER - LOOK-ALIKE DRUG,0,Non-Index Offense,Manufacture/Delivery of Controlled Substance,55,Drug offense,4
2031,NARCOTICS,POSS: METHAMPHETAMINES,0,Non-Index Offense,Possession of a Controlled Substance,53,Drug offense,4
2031,NARCOTICS,POSSESS - METHAMPHETAMINE,0,Non-Index Offense,Possession of a Controlled Substance,54,Drug offense,4
2032,NARCOTICS,MANU/DELIVER: METHAMPHETAMINES,0,Non-Index Offense,Manufacture/Delivery of Controlled Substance,55,Drug offense,4
2032,NARCOTICS,MANUFACTURE / DELIVER - METHAMPHETAMINE,0,Non-Index Offense,Manufacture/Delivery of Controlled Substance,55,Drug offense,4
2033,NARCOTICS,MANU/POSS. W/INTENT TO DELIVER: SYNTHETIC MARIJUANA,0,Non-Index Offense,Manufacture/Delivery of Controlled Substance,55,Drug offense,4
2033,NARCOTICS,MANUFACTURE / DELIVER - SYNTHETIC MARIJUANA,0,Non-Index Offense,Manufacture/Delivery of Controlled Substance,55,Drug offense,4
2034,NARCOTICS,POSSESSION - SYNTHETIC MARIJUANA,0,Non-Index Offense,Possession of Cannabis,53,Drug offense,4
2034,NARCOTICS,POSSESSION: SYNTHETIC MARIJUANA,0,Non-Index Offense,Possession of Cannabis,53,Drug offense,4
2040,NARCOTICS,POSS: LOOK-ALIKE DRUGS,0,Non-Index Offense,Possession of Cannabis,53,Drug offense,4
2040,NARCOTICS,POSSESS - LOOK-ALIKE DRUGS,0,Non-Index Offense,Possession of a Controlled Substance,54,Drug offense,4
2050,NARCOTICS,CRIMINAL DRUG CONSPIRACY,0,Non-Index Offense,Manufacture/Delivery of Controlled Substance,55,Drug offense,4
2060,NARCOTICS,FAILURE TO REGISTER LICENSE - CONTROLLED SUBSTANCES,0,Non-Index Offense,Drug Offense - Other,56,Drug offense,4
2070,NARCOTICS,DEL CONT SUBS TO PERSON <18,0,Non-Index Offense,Manufacture/Delivery of Controlled Substance,55,Drug offense,4
2070,NARCOTICS,DELIVER CONTROLLED SUBSTANCES TO PERSON UNDER 18,0,Non-Index Offense,Manufacture/Delivery of Controlled Substance,55,Drug offense,4
2080,NARCOTICS,CONT SUBS:FAIL TO MAINT RECORD,0,Non-Index Offense,Drug Offense - Other,56,Drug offense,4
2080,NARCOTICS,FAILURE TO MAINTAIN RECORDS - CONTROLLED SUBSTANCES,0,Non-Index Offense,Drug Offense - Other,56,Drug offense,4
2090,NARCOTICS,ALTER / FORGE PRESCRIPTION,0,Non-Index Offense,Drug Offense - Other,56,Drug offense,4
2090,NARCOTICS,ALTER/FORGE PRESCRIPTION,0,Non-Index Offense,Drug Offense - Other,56,Drug offense,4
2091,NARCOTICS,FORFEIT PROPERTY,0,Non-Index Offense,Drug Offense - Other,56,Drug offense,4
2092,NARCOTICS,SOLICIT NARCOTICS ON PUBLIC WAY,0,Non-Index Offense,Drug Offense - Other,56,Drug offense,4
2092,NARCOTICS,SOLICIT NARCOTICS ON PUBLICWAY,0,Non-Index Offense,Drug Offense - Other,56,Drug offense,4
2093,NARCOTICS,FOUND SUSPECT NARCOTICS,0,Non-Index Offense,Drug Offense - Other,56,Drug offense,4
2094,NARCOTICS,ATTEMPT POSSESSION CANNABIS,0,Non-Index Offense,Possession of Cannabis,53,Drug offense,4
2095,NARCOTICS,ATTEMPT POSSESSION NARCOTICS,0,Non-Index Offense,Possession of a Controlled Substance,54,Drug offense,4
2110,NARCOTICS,POS: HYPODERMIC NEEDLE,0,Non-Index Offense,Drug Offense - Other,56,Drug offense,4
2110,NARCOTICS,POSSESS - HYPODERMIC NEEDLE,0,Non-Index Offense,Drug Offense - Other,56,Drug offense,4
2111,NARCOTICS,SALE / DELIVER - HYPODERMIC NEEDLE,0,Non-Index Offense,Drug Offense - Other,56,Drug offense,4
2120,NARCOTICS,FAILURE TO KEEP HYPODERMIC RECORDS,0,Non-Index Offense,Drug Offense - Other,56,Drug offense,4
2160,NARCOTICS,SALE / DELIVER - DRUG PARAPHERNALIA,0,Non-Index Offense,Drug Offense - Other,56,Drug offense,4
2160,NARCOTICS,SALE/DEL DRUG PARAPHERNALIA,0,Non-Index Offense,Drug Offense - Other,56,Drug offense,4
2170,NARCOTICS,POSSESSION OF DRUG EQUIPMENT,0,Non-Index Offense,Drug Offense - Other,56,Drug offense,4
2210,LIQUOR LAW VIOLATION,SELL / GIVE / DELIVER LIQUOR TO MINOR,0,Non-Index Offense,Other Offense,72,Public order/other offense,5
2210,LIQUOR LAW VIOLATION,SELL/GIVE/DEL LIQUOR TO MINOR,0,Non-Index Offense,Other Offense,72,Public order/other offense,5
2220,LIQUOR LAW VIOLATION,ILLEGAL POSSESSION BY MINOR,0,Non-Index Offense,Other Offense,72,Public order/other offense,5
2230,LIQUOR LAW VIOLATION,ILLEGAL CONSUMPTION BY MINOR,0,Non-Index Offense,Other Offense,72,Public order/other offense,5
2240,LIQUOR LAW VIOLATION,MINOR MISREPRESENT AGE,0,Non-Index Offense,Other Offense,72,Public order/other offense,5
2250,LIQUOR LAW VIOLATION,LIQUOR LICENSE VIOLATION,0,Non-Index Offense,Other Offense,72,Public order/other offense,5
2251,LIQUOR LAW VIOLATION,EMPLOY MINOR,0,Non-Index Offense,Other Offense,72,Public order/other offense,5
2500,CRIMINAL ABORTION,CRIMINAL ABORTION,0,Non-Index Offense,Other Offense,72,Public order/other offense,5
2820,OTHER OFFENSE,TELEPHONE THREAT,0,Non-Index Offense,Harassment,57,Public order/other offense,5
2825,OTHER OFFENSE,HARASSMENT BY TELEPHONE,0,Non-Index Offense,Harassment,57,Public order/other offense,5
2826,OTHER OFFENSE,HARASSMENT BY ELECTRONIC MEANS,0,Non-Index Offense,Harassment,57,Public order/other offense,5
2830,OTHER OFFENSE,OBSCENE TELEPHONE CALLS,0,Non-Index Offense,Harassment,57,Public order/other offense,5
2840,PUBLIC PEACE VIOLATION,FALSE FIRE ALARM,0,Non-Index Offense,Other Offense,72,Public order/other offense,5
2850,PUBLIC PEACE VIOLATION,BOMB THREAT,0,Non-Index Offense,Other Offense,72,Public order/other offense,5
2851,PUBLIC PEACE VIOLATION,ARSON THREAT,0,Non-Index Offense,Other Offense,72,Public order/other offense,5
2860,PUBLIC PEACE VIOLATION,FALSE POLICE REPORT,0,Non-Index Offense,Other Offense,72,Public order/other offense,5
2870,PUBLIC PEACE VIOLATION,PEEPING TOM,0,Non-Index Offense,Other Offense,72,Public order/other offense,5
2890,PUBLIC PEACE VIOLATION,OTHER VIOLATION,0,Non-Index Offense,Other Offense,72,Public order/other offense,5
2895,PUBLIC PEACE VIOLATION,INTERFERE W/ EMERGENCY EQUIP,0,Non-Index Offense,Other Offense,72,Public order/other offense,5
2895,PUBLIC PEACE VIOLATION,INTERFERE WITH EMERGENCY EQUIPMENT,0,Non-Index Offense,Other Offense,72,Public order/other offense,5
2896,PUBLIC PEACE VIOLATION,TIRE DEFLATION DEVICE DEPLOYMENT,0,Non-Index Offense,Other Offense,72,Public order/other offense,5
2900,WEAPONS VIOLATION,UNLAWFUL USE / SALE OF AIR RIFLE,0,Non-Index Offense,Gun Offense - Other,38,Weapon offense,2
2900,WEAPONS VIOLATION,UNLAWFUL USE/SALE AIR RIFLE,0,Non-Index Offense,Gun Offense - Other,38,Weapon offense,2
3000,PUBLIC PEACE VIOLATION,SELL / ADVERTISE FIREWORKS,0,Non-Index Offense,Other Offense,72,Public order/other offense,5
3100,PUBLIC PEACE VIOLATION,MOB ACTION,0,Non-Index Offense,Mob Action,58,Public order/other offense,5
3200,PUBLIC PEACE VIOLATION,ARMED VIOLENCE,0,Non-Index Offense,Armed Violence,59,Public order/other offense,5
3300,PUBLIC PEACE VIOLATION,PUBLIC DEMONSTRATION,0,Non-Index Offense,Other Offense,72,Public order/other offense,5
3400,PUBLIC PEACE VIOLATION,LOOTING,0,Non-Index Offense,Other Offense,72,Public order/other offense,5
3610,OTHER OFFENSE,INTERFERE W/ HIGHER EDUCATION,0,Non-Index Offense,Other Offense,72,Public order/other offense,5
3610,OTHER OFFENSE,INTERFERE WITH HIGHER EDUCATION,0,Non-Index Offense,Other Offense,72,Public order/other offense,5
3710,INTERFERENCE WITH PUBLIC OFFICER,RESIST / OBSTRUCT / DISARM OFFICER,0,Non-Index Offense,Resisting/Obstruction,60,Public order/other offense,5
3710,INTERFERENCE WITH PUBLIC OFFICER,RESIST/OBSTRUCT/DISARM OFFICER,0,Non-Index Offense,Resisting/Obstruction,60,Public order/other offense,5
3720,INTERFERENCE WITH PUBLIC OFFICER,REFUSING TO AID AN OFFICER,0,Non-Index Offense,Resisting/Obstruction,60,Public order/other offense,5
3730,INTERFERENCE WITH PUBLIC OFFICER,OBSTRUCTING JUSTICE,0,Non-Index Offense,Resisting/Obstruction,60,Public order/other offense,5
3731,INTERFERENCE WITH PUBLIC OFFICER,OBSTRUCTING IDENTIFICATION,0,Non-Index Offense,Resisting/Obstruction,60,Public order/other offense,5
3740,INTERFERENCE WITH PUBLIC OFFICER,CONCEALING / AIDING A FUGITIVE,0,Non-Index Offense,Resisting/Obstruction,60,Public order/other offense,5
3750,INTERFERENCE WITH PUBLIC OFFICER,ESCAPE,0,Non-Index Offense,Escape,61,Public order/other offense,5
3751,INTERFERENCE WITH PUBLIC OFFICER,AIDING ARRESTEE ESCAPE,0,Non-Index Offense,Escape,61,Public order/other offense,5
3760,INTERFERENCE WITH PUBLIC OFFICER,OBSTRUCTING SERVICE,0,Non-Index Offense,Resisting/Obstruction,60,Public order/other offense,5
3770,INTERFERENCE WITH PUBLIC OFFICER,CONTRABAND IN PRISON,0,Non-Index Offense,Contraband in Prison,62,Public order/other offense,5
3800,INTERFERENCE WITH PUBLIC OFFICER,INTERFERENCE JUDICIAL PROCESS,0,Non-Index Offense,Resisting/Obstruction,60,Public order/other offense,5
3910,INTERFERENCE WITH PUBLIC OFFICER,BRIBERY,0,Non-Index Offense,Bribery,63,Public order/other offense,5
3920,INTERFERENCE WITH PUBLIC OFFICER,OFFICIAL MISCONDUCT,0,Non-Index Offense,Official Misconduct,64,Public order/other offense,5
3960,INTIMIDATION,INTIMIDATION,0,Non-Index Offense,Intimidation,65,Public order/other offense,5
3961,INTIMIDATION,INTIMIDATION OF LAW ENFORCEMENT OFFICIAL,0,Non-Index Offense,Intimidation,65,Public order/other offense,5
3966,INTIMIDATION,EDUCATIONAL INTIMIDAITON,0,Non-Index Offense,Intimidation,65,Public order/other offense,5
3970,INTIMIDATION,EXTORTION,0,Non-Index Offense,Intimidation,65,Public order/other offense,5
3975,INTIMIDATION,COMPELLING ORGANIZATION MEMBERSHIP,0,Non-Index Offense,Intimidation,65,Public order/other offense,5
3980,INTIMIDATION,COMPELLING CONFESSION,0,Non-Index Offense,Intimidation,65,Public order/other offense,5
4210,KIDNAPPING,KIDNAPPING,0,Non-Index Offense,Kidnapping,21,Person offense,1
4220,KIDNAPPING,AGGRAVATED,0,Non-Index Offense,Kidnapping,21,Person offense,1
4230,KIDNAPPING,UNLAWFUL RESTRAINT,0,Non-Index Offense,Kidnapping,21,Person offense,1
4240,KIDNAPPING,FORCIBLE DETENTION,0,Non-Index Offense,Kidnapping,21,Person offense,1
4255,KIDNAPPING,UNLAWFUL INTERFERE/VISITATION,0,Non-Index Offense,Kidnapping,21,Person offense,1
4255,KIDNAPPING,UNLAWFUL VISITATION INTERFERENCE,0,Non-Index Offense,Kidnapping,21,Person offense,1
4310,OTHER OFFENSE,POSSESSION OF BURGLARY TOOLS,0,Non-Index Offense,Possession of Burglary Tools,50,Property offense,3
4386,OTHER OFFENSE,VIOLATION OF CIVIL NO CONTACT ORDER,0,Non-Index Offense,Violation of Order of Protection,16,Person offense,1
4387,OTHER OFFENSE,VIOLATE ORDER OF PROTECTION,0,Non-Index Offense,Violation of Order of Protection,16,Person offense,1
4388,OTHER OFFENSE,VIO BAIL BOND: DOM VIOLENCE,0,Non-Index Offense,Violation of Bail Bond,70,Probation/Parole/Bail Violation,6
4388,OTHER OFFENSE,VIOLATION OF BAIL BOND - DOMESTIC VIOLENCE,0,Non-Index Offense,Violation of Bail Bond,70,Probation/Parole/Bail Violation,6
4389,OTHER OFFENSE,VIOLATION GPS MONITORING DEVICE,0,Non-Index Offense,Violation of Bail Bond,70,Probation/Parole/Bail Violation,6
4410,OTHER OFFENSE,DESTRUCTION OF DRAFT CARD,0,Non-Index Offense,Other Offense,72,Public order/other offense,5
4420,OTHER OFFENSE,CRIMINAL FORTIFICATION,0,Non-Index Offense,Other Offense,72,Public order/other offense,5
4510,OTHER OFFENSE,PROBATION VIOLATION,0,Non-Index Offense,Probation/Parole Violation,69,Probation/Parole/Bail Violation,6
4625,OTHER OFFENSE,PAROLE VIOLATION,0,Non-Index Offense,Probation/Parole Violation,69,Probation/Parole/Bail Violation,6
4650,OTHER OFFENSE,SEX OFFENDER - FAIL TO REGISTER,0,Non-Index Offense,Failure to Register as a Sex Offender,66,Public order/other offense,5
4650,OTHER OFFENSE,SEX OFFENDER: FAIL TO REGISTER,0,Non-Index Offense,Failure to Register as a Sex Offender,66,Public order/other offense,5
4651,OTHER OFFENSE,SEX OFFENDER - FAIL TO REGISTER NEW ADDRESS,0,Non-Index Offense,Failure to Register as a Sex Offender,66,Public order/other offense,5
4651,OTHER OFFENSE,SEX OFFENDER: FAIL REG NEW ADD,0,Non-Index Offense,Failure to Register as a Sex Offender,66,Public order/other offense,5
4652,OTHER OFFENSE,SEX OFFENDER - PROHIBITED ZONE,0,Non-Index Offense,Failure to Register as a Sex Offender,66,Public order/other offense,5
4652,OTHER OFFENSE,SEX OFFENDER: PROHIBITED ZONE,0,Non-Index Offense,Failure to Register as a Sex Offender,66,Public order/other offense,5
4740,OTHER OFFENSE,UNLAWFUL USE OF BODY ARMOR,0,Non-Index Offense,Other Offense,72,Public order/other offense,5
4750,OTHER OFFENSE,DISCLOSE DOMESTIC VIOLENCE VICTIM LOCATION,0,Non-Index Offense,Other Offense,72,Public order/other offense,5
4800,OTHER OFFENSE,MONEY LAUNDERING,0,Non-Index Offense,Other Offense,72,Public order/other offense,5
4810,OTHER OFFENSE,COMPOUNDING A CRIME,0,Non-Index Offense,Other Offense,72,Public order/other offense,5
4860,OTHER OFFENSE,BOARD PLANE WITH WEAPON,0,Non-Index Offense,Gun Offense - Other,38,Weapon offense,2
5000,OTHER OFFENSE,OTHER CRIME AGAINST PERSON,0,Non-Index Offense,Person Offense - Other,22,Person offense,1
5001,OTHER OFFENSE,OTHER CRIME INVOLVING PROPERTY,0,Non-Index Offense,Property Offense - Other,51,Property offense,3
5002,OTHER OFFENSE,OTHER VEHICLE OFFENSE,0,Non-Index Offense,Vehicle Offense,71,Vehicle offense,7
5003,OTHER OFFENSE,OTHER ARSON / EXPLOSIVE INCIDENT,0,Non-Index Offense,Arson,39,Property offense,3
5003,OTHER OFFENSE,OTHER ARSON/EXPLOSIVE INCIDENT,0,Non-Index Offense,Arson,39,Property offense,3
5004,SEX OFFENSE,ATT CRIM SEXUAL ABUSE,0,Non-Index Offense,Criminal Sexual Abuse,5,Person offense,1
5004,SEX OFFENSE,ATTEMPT CRIMINAL SEXUAL ABUSE,0,Non-Index Offense,Criminal Sexual Abuse,5,Person offense,1
5007,OTHER OFFENSE,OTHER WEAPONS VIOLATION,0,Non-Index Offense,Gun Offense - Other,38,Weapon offense,2
5008,OTHER OFFENSE,FIREARM REGISTRATION VIOLATION,0,Non-Index Offense,Gun Offense - Other,38,Weapon offense,2
5009,OTHER OFFENSE,VIOLATION OF SMOKING BAN,0,Non-Index Offense,Other Offense,72,Public order/other offense,5
500E,OTHER OFFENSE,EAVESDROPPING,0,Non-Index Offense,Other Offense,72,Public order/other offense,5
500N,OTHER OFFENSE,ABUSE / NEGLECT - CARE FACILITY,0,Non-Index Offense,Person Offense - Other,22,Person offense,1
500N,OTHER OFFENSE,ABUSE/NEGLECT: CARE FACILITY,0,Non-Index Offense,Person Offense - Other,22,Person offense,1
5011,OTHER OFFENSE,LICENSE VIOLATION,0,Non-Index Offense,Vehicle Offense,71,Vehicle offense,7
5013,OTHER OFFENSE,VIOLATION OF SUMMARY CLOSURE,0,Non-Index Offense,Other Offense,72,Public order/other offense,5
501A,OTHER OFFENSE,ANIMAL ABUSE / NEGLECT,0,Non-Index Offense,Other Offense,72,Public order/other offense,5
501A,OTHER OFFENSE,ANIMAL ABUSE/NEGLECT,0,Non-Index Offense,Other Offense,72,Public order/other offense,5
501H,OTHER OFFENSE,HAZARDOUS MATERIALS VIOLATION,0,Non-Index Offense,Other Offense,72,Public order/other offense,5
502P,OTHER OFFENSE,FALSE / STOLEN / ALTERED TRP,0,Non-Index Offense,Other Offense,72,Public order/other offense,5
502P,OTHER OFFENSE,FALSE/STOLEN/ALTERED TRP,0,Non-Index Offense,Other Offense,72,Public order/other offense,5
502R,OTHER OFFENSE,VEHICLE TITLE / REGISTRATION OFFENSE,0,Non-Index Offense,Other Offense,72,Public order/other offense,5
502R,OTHER OFFENSE,VEHICLE TITLE/REG OFFENSE,0,Non-Index Offense,Other Offense,72,Public order/other offense,5
502T,OTHER OFFENSE,TAMPER WITH MOTOR VEHICLE,0,Non-Index Offense,Other Offense,72,Public order/other offense,5
5073,NON-CRIMINAL (SUBJECT SPECIFIED),NOTIFICATION OF CIVIL NO CONTACT ORDER,0,Non-Index Offense,Other Offense,72,Public order/other offense,5
5093,NON-CRIMINAL,LOST PASSPORT,0,Non-Index Offense,Other Offense,72,Public order/other offense,5
5110,OTHER OFFENSE,GUN OFFENDER - DUTY TO REGISTER,0,Non-Index Offense,Failure to Register as Gun/Arson/Violent Offender,67,Public order/other offense,5
5110,OTHER OFFENSE,GUN OFFENDER: DUTY TO REGISTER,0,Non-Index Offense,Failure to Register as Gun/Arson/Violent Offender,67,Public order/other offense,5
5111,OTHER OFFENSE,GUN OFFENDER - ANNUAL REGISTRATION,0,Non-Index Offense,Failure to Register as Gun/Arson/Violent Offender,67,Public order/other offense,5
5111,OTHER OFFENSE,GUN OFFENDER: ANNUAL REGISTRATION,0,Non-Index Offense,Failure to Register as Gun/Arson/Violent Offender,67,Public order/other offense,5
5112,OTHER OFFENSE,GUN OFFENDER - DUTY TO REPORT CHANGE OF INFORMATION,0,Non-Index Offense,Failure to Register as Gun/Arson/Violent Offender,67,Public order/other offense,5
5112,OTHER OFFENSE,GUN OFFENDER: DUTY TO REPORT CHANGE OF INFORMATION,0,Non-Index Offense,Failure to Register as Gun/Arson/Violent Offender,67,Public order/other offense,5
5114,NON-CRIMINAL,FOID - REVOCATION,0,Non-Index Offense,Failure to Register as Gun/Arson/Violent Offender,67,Public order/other offense,5
5120,OTHER OFFENSE,ARSONIST - DUTY TO REGISTER,0,Non-Index Offense,Failure to Register as Gun/Arson/Violent Offender,67,Public order/other offense,5
5120,OTHER OFFENSE,ARSONIST: DUTY TO REGISTER,0,Non-Index Offense,Failure to Register as Gun/Arson/Violent Offender,67,Public order/other offense,5
5121,OTHER OFFENSE,ARSONIST - ANNUAL REGISTRATION,0,Non-Index Offense,Failure to Register as Gun/Arson/Violent Offender,67,Public order/other offense,5
5121,OTHER OFFENSE,ARSONIST: ANNUAL REGISTRATION,0,Non-Index Offense,Failure to Register as Gun/Arson/Violent Offender,67,Public order/other offense,5
5122,OTHER OFFENSE,ARSONIST - FAIL TO REGISTER NEW ADDRESS,0,Non-Index Offense,Failure to Register as Gun/Arson/Violent Offender,67,Public order/other offense,5
5122,OTHER OFFENSE,ARSONIST: FAIL TO REGISTER NEW ADDRESS,0,Non-Index Offense,Failure to Register as Gun/Arson/Violent Offender,67,Public order/other offense,5
5130,OTHER OFFENSE,VIOLENT OFFENDER - DUTY TO REGISTER,0,Non-Index Offense,Failure to Register as Gun/Arson/Violent Offender,67,Public order/other offense,5
5130,OTHER OFFENSE,VIOLENT OFFENDER: DUTY TO REGISTER,0,Non-Index Offense,Failure to Register as Gun/Arson/Violent Offender,67,Public order/other offense,5
5131,OTHER OFFENSE,VIOLENT OFFENDER - ANNUAL REGISTRATION,0,Non-Index Offense,Failure to Register as Gun/Arson/Violent Offender,67,Public order/other offense,5
5131,OTHER OFFENSE,VIOLENT OFFENDER: ANNUAL REGISTRATION,0,Non-Index Offense,Failure to Register as Gun/Arson/Violent Offender,67,Public order/other offense,5
5132,OTHER OFFENSE,VIOLENT OFFENDER - FAIL TO REGISTER NEW ADDRESS,0,Non-Index Offense,Failure to Register as Gun/Arson/Violent Offender,67,Public order/other offense,5
5132,OTHER OFFENSE,VIOLENT OFFENDER: FAIL TO REGISTER NEW ADDRESS,0,Non-Index Offense,Failure to Register as Gun/Arson/Violent Offender,67,Public order/other offense,5
